gene,uniprot,lr_type
HTR1D,P28221,receptor
SSTR5,P35346,receptor
CSF2,P04141,ligand
GRIN2A,Q12879,receptor
MATN1,P21941,ligand
CHRNA7,P36544,receptor
NPR2,P20594,receptor
HRAS,P01112,ligand
DKK3,Q9UBP4,ligand
FZD7,O75084,receptor
CP,P00450,ligand
BMPR1A,P36894,receptor
CEACAM6,P40199,ligand
SMAD3,P84022,receptor
CXCL3,P19876,ligand
IL12A,P29459,ligand
ADCY1,Q08828,receptor
SPON2,Q9BUD6,ligand
F11R,Q9Y624,receptor
XCL1,P47992,ligand
IL22,Q9GZX6,ligand
GDF10,P55107,ligand
IFNGR2,P38484,receptor
NRG1,Q02297,ligand
ITGA11,Q9UKX5,receptor
PIGF,Q07326,ligand
EPHA5,P54756,receptor
SHBG,P04278,ligand
CD40,P25942,receptor
HSP90B1,P14625,ligand
NODAL,Q96S42,ligand
COL8A2,P25067,ligand
SCGB1A1,P11684,ligand
TNFRSF11A,Q9Y6Q6,receptor
QDPR,P09417,ligand
CNTN2,Q02246,ligand
FSHB,P01225,ligand
KCND1,Q9NSA2,receptor
SFTPA2,Q8IWL1,ligand
KIDINS220,Q9ULH0,receptor
IL2RA,P01589,receptor
IGF2,P01344,ligand
PDGFD,Q9GZP0,ligand
FZD8,Q9H461,receptor
RLN3,Q8WXF3,ligand
ENPEP,Q07075,receptor
OPRK1,P41145,receptor
RXFP3,Q9NSD7,receptor
CALM2,P0DP24,ligand
SORCS3,Q9UPU3,receptor
GPHA2,Q96T91,ligand
DRD4,P21917,receptor
QRFP,P83859,ligand
RYR2,Q92736,receptor
CCL3L3,P16619,ligand
IL22RA1,Q8N6P7,receptor
COL13A1,Q5TAT6,receptor
FGF19,O95750,ligand
ADORA2B,P29275,receptor
B2M,P61769,ligand
TNFSF13,O75888,ligand
AZGP1,P25311,ligand
CXCL17,Q6UXB2,ligand
TGM2,P21980,ligand
EPHA8,P29322,receptor
TNFRSF21,O75509,receptor
ATP6AP2,O75787,receptor
COL1A2,P08123,ligand
AANAT,Q16613,ligand
INSL5,Q9Y5Q6,ligand
SEMA3B,Q13214,ligand
AGER,Q15109,receptor
CD81,P60033,receptor
C3AR1,Q16581,receptor
PCSK9,Q8NBP7,ligand
MRGPRX1,Q96LB2,receptor
CRISP2,P16562,ligand
HSPG2,P98160,ligand
F10,P00742,ligand
CXCR4,P61073,receptor
CCL26,Q9Y258,ligand
GP6,Q9HCN6,receptor
TRAF3,Q13114,receptor
PTCH2,Q9Y6C5,receptor
BMP5,P22003,ligand
ANGPTL1,O95841,ligand
UCN2,Q96RP3,ligand
TPO,P07202,receptor
LRIG1,Q96JA1,ligand
IL1RAPL1,Q9NZN1,receptor
NRXN2,Q9P2S2,receptor
NECTIN2,Q92692,receptor
DLL1,O00548,ligand
MEPE,Q9NQ76,ligand
TACR1,P25103,receptor
FGF12,P61328,ligand
P4HB,P07237,ligand
WNT3A,P56704,ligand
NOTCH3,Q9UM47,receptor
CD4,P01730,receptor
ROBO1,Q9Y6N7,receptor
IL18R1,Q13478,receptor
KCNJ4,P48050,receptor
EFEMP2,O95967,ligand
SCARF1,Q14162,receptor
FZD10,Q9ULW2,receptor
INHA,P05111,ligand
TEK,Q02763,receptor
GPIHBP1,Q8IV16,receptor
SHH,Q15465,ligand
JAM3,Q9BX67,ligand
IFNAR2,P48551,receptor
BTLA,Q7Z6A9,ligand
ACKR3,P25106,receptor
NPTX2,P47972,ligand
GFRA4,Q9GZZ7,receptor
MADCAM1,Q13477,ligand
ADIPOR1,Q96A54,receptor
NPFF,O15130,ligand
MYLK,Q15746,receptor
ACVR1C,Q8NER5,receptor
LRP10,Q7Z4F1,receptor
PDCD1LG2,Q9BQ51,ligand
COL2A1,P02458,ligand
IL1A,P01583,ligand
GPR151,Q8TDV0,receptor
PODXL,O00592,ligand
TGFBR2,P37173,receptor
RLN1,P04808,ligand
SMAP1,Q8IYB5,receptor
RIMS1,Q86UR5,ligand
MTNR1B,P49286,receptor
PTCH1,Q13635,receptor
ANG,P03950,ligand
AMELX,Q99217,ligand
CNTN3,Q9P232,ligand
FGF22,Q9HCT0,ligand
NPTN,Q9Y639,receptor
APOD,P05090,ligand
TIMP3,P35625,ligand
CALM1,P0DP23,ligand
COL4A2,P08572,ligand
PSPN,O60542,ligand
PVR,P15151,receptor
GRM3,Q14832,receptor
EZR,P15311,receptor
FGF8,P55075,ligand
UTS2B,Q765I0,ligand
IL17RB,Q9NRM6,receptor
GFRA2,O00451,receptor
DSC3,Q14574,ligand
EFNB3,Q15768,ligand
IGFL1,Q6UW32,ligand
TFF2,Q03403,ligand
PROK1,P58294,ligand
SELP,P16109,receptor
MSN,P26038,receptor
MDK,P21741,ligand
WNT5B,Q9H1J7,ligand
LILRB1,Q8NHL6,receptor
NTNG2,Q96CW9,ligand
ITGA6,P23229,receptor
STRA6,Q9BX79,receptor
PDE1B,Q01064,receptor
OSMR,Q99650,receptor
ORM1,P02763,ligand
WNT6,Q9Y6F9,ligand
FADD,Q13158,ligand
IFNA1,P01562,ligand
WNT5A,P41221,ligand
DRD2,P14416,receptor
ANGPT2,O15123,ligand
COL6A3,P12111,ligand
NTN1,O95631,ligand
LYPD3,O95274,ligand
COL5A1,P20908,ligand
INHBA,P08476,ligand
EPHA6,Q9UF33,receptor
DSG1,Q02413,receptor
MUC5AC,P98088,receptor
AR,P10275,receptor
TACR2,P21452,receptor
GDF9,O60383,ligand
GUCY2D,Q02846,receptor
EPHA10,Q5JZY3,receptor
TFPI,P10646,ligand
ALOX5,P09917,receptor
ZP3,P21754,ligand
CNGA2,Q16280,receptor
IL17RA,Q96F46,receptor
MTTP,P55157,receptor
ADCYAP1R1,P41586,receptor
IL36B,Q9NZH7,ligand
KLRG1,Q96E93,receptor
SSTR3,P32745,receptor
BTC,P35070,ligand
ESR1,P03372,receptor
CLEC10A,Q8IUN9,receptor
GREM1,O60565,ligand
CSF1R,P07333,receptor
NPBWR2,P48146,receptor
IL26,Q9NPH9,ligand
FPR2,P25090,receptor
RHBDL2,Q9NX52,receptor
TGFA,P01135,ligand
APOA1,P02647,ligand
WNT8A,Q9H1J5,ligand
GUCA2B,Q16661,ligand
CNTFR,P26992,receptor
SLC37A1,P57057,receptor
IRAK4,Q9NWZ3,ligand
SELL,P14151,receptor
CR2,P20023,receptor
ACVR2A,P27037,receptor
KL,Q9UEF7,receptor
CUBN,O60494,ligand
ITGA9,Q13797,receptor
HRH1,P35367,receptor
AVPR1A,P37288,receptor
ACE,P12821,ligand
LGR4,Q9BXB1,receptor
GPR37,O15354,receptor
NPW,Q8N729,ligand
CDH5,P33151,receptor
COL4A3,Q01955,ligand
HBEGF,Q99075,ligand
NTRK1,P04629,receptor
TPH1,P17752,ligand
TRPV1,Q8NER1,receptor
TFRC,P02786,receptor
SHANK2,Q9UPX8,ligand
RHAG,Q02094,receptor
MC3R,P41968,receptor
ITGA5,P08648,receptor
OPRL1,P41146,receptor
CCL23,P55773,ligand
TSPAN17,Q96FV3,receptor
ADRA2B,P18089,receptor
MMP9,P14780,ligand
GRPR,P30550,receptor
FZD5,Q13467,receptor
NOTCH4,Q99466,receptor
RELN,P78509,ligand
CGB3,P0DN86,ligand
P2RX7,Q99572,receptor
RGMB,Q6NW40,ligand
TLR5,O60602,receptor
IL34,Q6ZMJ4,ligand
BDKRB2,P30411,receptor
ADGRL1,O94910,receptor
KCNA3,P22001,receptor
APP,P05067,ligand
DEFB103A,P81534,ligand
S100A9,P06702,ligand
GPC4,O75487,receptor
TNFRSF10D,Q9UBN6,receptor
LTB,Q06643,ligand
IFNA8,P32881,ligand
OCLN,Q16625,receptor
XCL2,Q9UBD3,ligand
RTN4RL1,Q86UN2,receptor
TNFRSF1A,P19438,receptor
SPINK1,P00995,ligand
MRGPRX2,Q96LB1,receptor
KEL,P23276,receptor
ADORA1,P30542,receptor
CCL19,Q99731,ligand
PLG,P00747,ligand
BOC,Q9BWV1,receptor
CDH1,P12830,ligand
CCL7,P80098,ligand
NRP1,O14786,receptor
CD274,Q9NZQ7,ligand
HMGB1,P09429,ligand
VIPR2,P41587,receptor
SLC40A1,Q9NP59,receptor
GP1BA,P07359,receptor
FPR1,P21462,receptor
CCL28,Q9NRJ3,ligand
CALCA,P01258,ligand
LILRA1,O75019,receptor
NECTIN4,Q96NY8,receptor
IFNA10,P01566,ligand
TECTB,Q96PL2,receptor
MFAP2,P55001,ligand
COL9A3,Q14050,ligand
IGF2R,P11717,receptor
COL6A2,P12110,ligand
S1PR5,Q9H228,receptor
KDR,P35968,receptor
CXCL9,Q07325,ligand
ADGRB2,O60241,receptor
PDAP1,Q13442,ligand
IFITM1,P13164,receptor
CCR9,P51686,receptor
F12,P00748,ligand
NPPC,P23582,ligand
SCT,P09683,ligand
KIT,P10721,receptor
HTR1E,P28566,receptor
RAET1G,Q6H3X3,ligand
IL9,P15248,ligand
NMB,P08949,ligand
MUC6,Q6W4X9,receptor
ADAM9,Q13443,ligand
CGN,Q9P2M7,ligand
TNFRSF9,Q07011,receptor
KCNQ5,Q9NR82,receptor
REN,P00797,ligand
GDF7,Q7Z4P5,ligand
IFNA5,P01569,ligand
TNFRSF6B,O95407,receptor
EPHB3,P54753,receptor
PTH,P01270,ligand
RBP3,P10745,ligand
CXCL6,P80162,ligand
SDC3,O75056,receptor
EGFR,P00533,receptor
SEMA4A,Q9H3S1,ligand
IL22RA2,Q969J5,receptor
LPAR1,Q92633,receptor
GRM4,Q14833,receptor
IGFBP4,P22692,ligand
TNFSF15,O95150,ligand
MLN,P12872,ligand
LDLR,P01130,receptor
WNT16,Q9UBV4,ligand
ICAM4,Q14773,ligand
ALB,P02768,ligand
PDGFRA,P16234,receptor
CXCR1,P25024,receptor
NRP2,O60462,receptor
PLXNA4,Q9HCM2,receptor
GRN,P28799,ligand
HFE,Q30201,receptor
APOC2,P02655,ligand
KLRC1,P26715,receptor
BMP7,P18075,ligand
VTCN1,Q7Z7D3,receptor
SEMA3G,Q9NS98,ligand
HTR5A,P47898,receptor
KCNJ15,Q99712,receptor
CDON,Q4KMG0,receptor
FGF6,P10767,ligand
LGALS9,O00182,ligand
ACVR1,Q04771,receptor
NRG4,Q8WWG1,ligand
MC4R,P32245,receptor
TNFRSF25,Q93038,receptor
EDIL3,O43854,ligand
VTN,P04004,ligand
WNT2B,Q93097,ligand
CXCL13,O43927,ligand
ITGB6,P18564,receptor
GPNMB,Q14956,receptor
CXCL10,P02778,ligand
HLA-E,P13747,ligand
FLT3,P36888,receptor
ADM,P35318,ligand
TRPC5,Q9UL62,receptor
PDE1A,P54750,receptor
IL20RA,Q9UHF4,receptor
CFH,P08603,ligand
MUC7,Q8TAX7,ligand
AGTR1,P30556,receptor
MARCO,Q9UEW3,receptor
GNRHR,P30968,receptor
COL7A1,Q02388,ligand
MAS1,P04201,receptor
NMBR,P28336,receptor
RARRES2,Q99969,ligand
GRM1,Q13255,receptor
MPL,P40238,receptor
CD86,P42081,ligand
SLIT2,O94813,ligand
BSG,P35613,ligand
GIP,P09681,ligand
SERPINE1,P05121,ligand
FGF17,O60258,ligand
PIGA,P37287,ligand
EDN3,P14138,ligand
IL13RA2,Q14627,receptor
LTBP1,Q14766,ligand
SFTPD,P35247,ligand
IBSP,P21815,ligand
TRPM2,O94759,receptor
LIPH,Q8WWY8,ligand
IL21R,Q9HBE5,receptor
LAMB1,P07942,ligand
ALCAM,Q13740,receptor
CCL8,P80075,ligand
C1QA,P02745,ligand
LYVE1,Q9Y5Y7,receptor
WNT7B,P56706,ligand
SLC18A2,Q05940,receptor
ADAM28,Q9UKQ2,ligand
ICAM1,P05362,ligand
FYN,P06241,ligand
ST6GAL1,P15907,ligand
FAS,P25445,receptor
IL13RA1,P78552,receptor
IL16,Q14005,ligand
ADAM17,P78536,ligand
MC5R,P33032,receptor
HAVCR2,Q8TDQ0,receptor
TNF,P01375,ligand
AXL,P30530,receptor
FGFR4,P22455,receptor
PLXNA1,Q9UIW2,receptor
ROBO2,Q9HCK4,receptor
FCN2,Q15485,ligand
COL5A2,P05997,ligand
CPAMD8,Q8IZJ3,ligand
HTR2B,P41595,receptor
F2R,P25116,receptor
LGALS3BP,Q08380,ligand
RETN,Q9HD89,ligand
CD5L,O43866,ligand
IFNA13,P01562,ligand
MMP2,P08253,ligand
IL24,Q13007,ligand
C4B,P0C0L5,ligand
CCR5,P51681,receptor
TNFSF12,O43508,ligand
GPR35,Q9HC97,receptor
AREG,P15514,ligand
NCR3,O14931,receptor
TNC,P24821,ligand
SCN4A,P35499,receptor
NPR3,P17342,receptor
KCNN4,O15554,receptor
FGF14,Q92915,ligand
KREMEN2,Q8NCW0,receptor
MICA,Q29983,ligand
GDNF,P39905,ligand
RHBDF2,Q6PJF5,receptor
ROBO4,Q8WZ75,receptor
RPSA,P08865,receptor
F2RL1,P55085,receptor
PROC,P04070,ligand
ITGB1,P05556,receptor
MLNR,O43193,receptor
GALP,Q9UBC7,ligand
ADGRE5,P48960,receptor
ZG16B,Q96DA0,ligand
SERPINA7,P05543,ligand
TGS1,Q96RS0,ligand
FGG,P02679,ligand
SEMA3D,O95025,ligand
IL4R,P24394,receptor
LPA,P08519,ligand
SPP1,P10451,ligand
IFNL2,Q8IZJ0,ligand
CD28,P10747,receptor
COL9A1,P20849,ligand
DLL4,Q9NR61,ligand
HTR2C,P28335,receptor
OLR1,P78380,receptor
ITGB5,P18084,receptor
STAB2,Q8WWQ8,receptor
ITGA2B,P08514,receptor
ITGA3,P26006,receptor
LMBR1L,Q6UX01,receptor
IL12B,P29460,ligand
NCAM1,P13591,ligand
PROKR2,Q8NFJ6,receptor
EPHB2,P29323,receptor
S100B,P04271,ligand
RSPO2,Q6UXX9,ligand
OSTN,P61366,ligand
PTGDR2,Q9Y5Y4,receptor
LTBR,P36941,receptor
CGA,P01215,ligand
CCL18,P55774,ligand
INHBB,P09529,ligand
IL27,Q8NEV9,ligand
FZD2,Q14332,receptor
CSF3R,Q99062,receptor
SORBS1,Q9BX66,ligand
PTPRF,P10586,receptor
UTS2,O95399,ligand
COL4A6,Q14031,ligand
MCHR1,Q99705,receptor
EDA,Q92838,ligand
CD2,P06729,receptor
IFNW1,P05000,ligand
NMU,P48645,ligand
CCKAR,P32238,receptor
UNC5D,Q6UXZ4,receptor
ADORA2A,P29274,receptor
LPAR2,Q9HBW0,receptor
HMMR,O75330,receptor
TNFSF14,O43557,ligand
TRADD,Q15628,receptor
TMED5,Q9Y3A6,receptor
TNFRSF4,P43489,receptor
THBD,P07204,receptor
ART1,P52961,receptor
LEPR,P48357,receptor
CNTNAP1,P78357,receptor
SEMA6D,Q8NFY4,ligand
MSTN,O14793,ligand
FLT4,P35916,receptor
ITGA10,O75578,receptor
LTBP3,Q9NS15,ligand
ACVR2B,Q13705,receptor
GPC1,P35052,receptor
TIMP2,P16035,ligand
FGF1,P05230,ligand
EFNA1,P20827,ligand
RTN4,Q9NQC3,ligand
NOTCH1,P46531,receptor
ROR1,Q01973,receptor
RAMP3,O60896,receptor
CD48,P09326,receptor
TBXA2R,P21731,receptor
EPHB1,P54762,receptor
NECTIN3,Q9NQS3,receptor
WNT4,P56705,ligand
IFNA4,P05014,ligand
FCER1A,P12319,receptor
AGT,P01019,ligand
PCSK1N,Q9UHG2,ligand
LAMC2,Q13753,ligand
ASIP,P42127,ligand
KLK3,P07288,ligand
GNRH1,P01148,ligand
UCN3,Q969E3,ligand
TRPV6,Q9H1D0,receptor
SCUBE2,Q9NQ36,receptor
ICAM5,Q9UMF0,ligand
APOC1,P02654,ligand
INS,P01308,ligand
CCL14,Q16627,ligand
GDF5,P43026,ligand
VASP,P50552,ligand
WNT8B,Q93098,ligand
GHSR,Q92847,receptor
HSPA1A,P0DMV8,ligand
MAGED1,Q9Y5V3,receptor
IL1F10,Q8WWZ1,ligand
LRP5,O75197,receptor
NPBWR1,P48145,receptor
EPHA3,P29320,receptor
DDR2,Q16832,receptor
PROCR,Q9UNN8,receptor
CD34,P28906,ligand
MERTK,Q12866,receptor
NID1,P14543,ligand
L1CAM,P32004,ligand
GFRA3,O60609,receptor
HDC,P19113,ligand
TACR3,P29371,receptor
EBI3,Q14213,ligand
PSEN1,P49768,ligand
HLA-G,P17693,ligand
PLXNA2,O75051,receptor
HLA-F,P30511,receptor
CER1,O95813,ligand
GPR182,O15218,receptor
HRH2,P25021,receptor
PTGDR,Q13258,receptor
KLRC2,P26717,receptor
GAS1,P54826,receptor
POMC,P01189,ligand
PI3,P19957,ligand
NRTN,Q99748,ligand
SHANK1,Q9Y566,ligand
GRIN2B,Q13224,receptor
LILRB2,Q8N423,receptor
COL4A1,P02462,ligand
ANXA1,P04083,ligand
ALKAL1,Q6UXT8,ligand
GSTM2,P28161,ligand
CSF2RA,P15509,receptor
IFNA2,P01563,ligand
HTR1B,P28222,receptor
TLN1,Q9Y490,ligand
FGFR3,P22607,receptor
GFRAL,Q6UXV0,receptor
CMKLR2,P46091,receptor
MIA,Q16674,ligand
C5,P01031,ligand
IFNA21,P01568,ligand
KIR3DL1,P43629,receptor
GPR75,O95800,receptor
CSHL1,Q14406,ligand
MC1R,Q01726,receptor
CSH2,P0DML3,ligand
PECAM1,P16284,receptor
THY1,P04216,receptor
TMPRSS6,Q8IU80,receptor
ADGRG1,Q9Y653,receptor
NXPH3,O95157,ligand
CD93,Q9NPY3,receptor
CAV1,Q03135,receptor
CD3D,P04234,receptor
CEACAM5,P06731,ligand
C5AR1,P21730,receptor
PTH2,Q96A98,ligand
APOE,P02649,ligand
TNFRSF8,P28908,receptor
IL1R1,P14778,receptor
TNFSF8,P32971,ligand
SEMA3E,O15041,ligand
CCL24,O00175,ligand
CD151,P48509,receptor
PTPRM,P28827,receptor
ALKAL2,Q6UX46,ligand
ICAM3,P32942,ligand
CD14,P08571,ligand
PDGFA,P04085,ligand
DLK2,Q6UY11,ligand
FPR3,P25089,receptor
SEMA5A,Q13591,ligand
TNFRSF13C,Q96RJ3,receptor
CCKBR,P32239,receptor
PLXNB1,O43157,receptor
MUSK,O15146,receptor
CTHRC1,Q96CG8,ligand
GALR3,O60755,receptor
LGALS1,P09382,ligand
ADAM12,O43184,ligand
SPTBN2,O15020,ligand
MGRN1,O60291,receptor
ARF4,P18085,ligand
IL17RC,Q8NAC3,receptor
TYRO3,Q06418,receptor
PLD2,O14939,receptor
CD70,P32970,ligand
CCL3,P10147,ligand
PLXNB3,Q9ULL4,receptor
TLR2,O60603,receptor
KIR2DL3,P43628,receptor
CD1B,P29016,receptor
GRM5,P41594,receptor
CNR1,P21554,receptor
IL21,Q9HBE4,ligand
TLR6,Q9Y2C9,receptor
SEMA4C,Q9C0C4,ligand
IL6ST,P40189,receptor
F7,P08709,ligand
LGR6,Q9HBX8,receptor
FLT3LG,P49771,ligand
ABCA1,O95477,receptor
IFNG,P01579,ligand
AFDN,P55196,ligand
TNFRSF10C,O14798,receptor
LIN7C,Q9NUP9,ligand
VEGFD,O43915,ligand
CCL5,P13501,ligand
CD6,P30203,ligand
DKK1,O94907,ligand
TAC1,P20366,ligand
IL11,P20809,ligand
TSLP,Q969D9,ligand
SPTAN1,Q13813,ligand
NCSTN,Q92542,receptor
HCRT,O43612,ligand
SYK,P43405,ligand
PRL,P01236,ligand
TDGF1,P13385,ligand
GDF11,O95390,ligand
CCN2,P29279,ligand
GRM7,Q14831,receptor
CCR7,P32248,receptor
IL1RL1,Q01638,receptor
SCN10A,Q9Y5Y9,receptor
ANGPTL4,Q9BY76,ligand
VCL,P18206,ligand
RXRA,P19793,receptor
COL6A1,P12109,ligand
PRLH,P81277,ligand
MUC1,P15941,receptor
PENK,P01210,ligand
KLRK1,P26718,receptor
PLXND1,Q9Y4D7,receptor
FAT4,Q6V0I7,ligand
PMCH,P20382,ligand
AGTR2,P50052,receptor
CXCL16,Q9H2A7,ligand
EFNA4,P52798,ligand
FGA,P02671,ligand
CD1A,P06126,receptor
LRIG2,O94898,ligand
GRIN2D,O15399,receptor
ITGAD,Q13349,receptor
LAMB2,P55268,ligand
RPH3A,Q9Y2J0,ligand
PTGER2,P43116,receptor
GPR25,O00155,receptor
PROS1,P07225,ligand
UNC5A,Q6ZN44,receptor
ADAMTS3,O15072,ligand
DEFB4A,O15263,ligand
CALCRL,Q16602,receptor
AGRP,O00253,ligand
LSR,Q86X29,receptor
TNFRSF19,Q9NS68,receptor
CELSR2,Q9HCU4,receptor
KISS1,Q15726,ligand
CRH,P06850,ligand
HLA-A,P04439,ligand
NTN3,O00634,ligand
RYK,P34925,receptor
IL10RA,Q13651,receptor
IL1RN,P18510,ligand
CCR10,P46092,receptor
TLR4,O00206,receptor
PTPRB,P23467,receptor
C1QTNF1,Q9BXJ1,ligand
MCAM,P43121,receptor
IL17RE,Q8NFR9,receptor
PILRA,Q9UKJ1,receptor
THBS2,P35442,ligand
IL31RA,Q8NI17,receptor
SIGLEC10,Q96LC7,receptor
ULBP2,Q9BZM5,ligand
FGFR1,P11362,receptor
RAET1E,Q8TD07,ligand
LAMP1,P11279,receptor
TIE1,P35590,receptor
NPSR1,Q6W5P4,receptor
NRXN1,Q9ULB1,receptor
CXCL8,P10145,ligand
CORT,O00230,ligand
BMP15,O95972,ligand
GHRL,Q9UBU3,ligand
CKLF,Q9UBR5,ligand
CD74,P04233,receptor
AMFR,Q9UKV5,receptor
PTGS2,P35354,ligand
EPHA2,P29317,receptor
CLCF1,Q9UBD9,ligand
NGF,P01138,ligand
GPR84,Q9NQS5,receptor
PLA2G10,O15496,ligand
NRCAM,Q92823,receptor
COL18A1,P39060,ligand
OSM,P13725,ligand
QRFPR,Q96P65,receptor
MET,P08581,receptor
NPB,Q8NG41,ligand
KCND2,Q9NZV8,receptor
CATSPER1,Q8NEC5,receptor
PLTP,P55058,ligand
LMAN1,P49257,ligand
TLR7,Q9NYK1,receptor
CADM1,Q9BY67,receptor
ADIPOQ,Q15848,ligand
BMP6,P22004,ligand
SAA1,P0DJI8,ligand
LGR5,O75473,receptor
SLURP1,P55000,ligand
COL9A2,Q14055,ligand
IL5,P05113,ligand
APLP2,Q06481,receptor
ALOX5AP,P20292,ligand
LRP2,P98164,receptor
COL1A1,P02452,ligand
FAP,Q12884,receptor
INSL3,P51460,ligand
FZD6,O60353,receptor
IL1R2,P27930,receptor
DDR1,Q08345,receptor
ADGRV1,Q8WXG9,receptor
TGFB1,P01137,ligand
DEFB103B,P81534,ligand
AVP,P01185,ligand
F3,P13726,receptor
IGFL2,Q6UWQ7,ligand
NTF4,P34130,ligand
MMP1,P03956,ligand
CLEC2B,Q92478,ligand
GJB2,P29033,receptor
BMP8B,P34820,ligand
CDH2,P19022,receptor
BCAN,Q96GW7,ligand
NXPH1,P58417,ligand
PTN,P21246,ligand
GHRHR,Q02643,receptor
KIR2DL1,P43626,receptor
GHRH,P01286,ligand
ARTN,Q5T4W7,ligand
LTA,P01374,ligand
ERAP1,Q9NZ08,receptor
COL17A1,Q9UMD9,receptor
SYTL3,Q4VX76,ligand
CD40LG,P29965,ligand
DSCAM,O60469,ligand
C3,P01024,ligand
GPC2,Q8N158,receptor
HJV,Q6ZVN8,receptor
GRP,P07492,ligand
PDYN,P01213,ligand
PNOC,Q13519,ligand
RIMS2,Q9UQ26,ligand
MFAP5,Q13361,ligand
CXCR3,P49682,receptor
RGMA,Q96B86,ligand
TAC4,Q86UU9,ligand
NPFFR1,Q9GZQ6,receptor
SLC16A2,P36021,receptor
IFNA6,P05013,ligand
DSC1,Q08554,ligand
ITGB2,P05107,receptor
NTN4,Q9HB63,ligand
PHEX,P78562,receptor
CCL22,O00626,ligand
GPRC6A,Q5T6X5,receptor
PTH1R,Q03431,receptor
CD63,P08962,receptor
ADGRE2,Q9UHX3,receptor
ACE2,Q9BYF1,ligand
CHRM3,P20309,receptor
CRHR2,Q13324,receptor
ITGB8,P26012,receptor
NTRK2,Q16620,receptor
FGF20,Q9NP95,ligand
TYROBP,O43914,receptor
THBS1,P07996,ligand
EPHA7,Q15375,receptor
NPTX1,Q15818,ligand
CX3CL1,P78423,ligand
MAG,P20916,receptor
IL33,O95760,ligand
NT5E,P21589,receptor
CCL11,P51671,ligand
FGF23,Q9GZV9,ligand
PTPRC,P08575,receptor
TNFSF4,P23510,ligand
CEACAM1,P13688,ligand
CD80,P33681,receptor
LRP6,O75581,receptor
NPY1R,P25929,receptor
SLC6A19,Q695T7,receptor
DCBLD2,Q96PD2,receptor
CCL17,Q92583,ligand
PTPRG,P23470,receptor
TNFSF9,P41273,ligand
IL7,P13232,ligand
THPO,P40225,ligand
RSPO4,Q2I0M5,ligand
PGF,P49763,ligand
KCNQ3,O43525,receptor
PON2,Q15165,ligand
CD1D,P15813,receptor
BEX3,Q00994,receptor
NEO1,Q92859,receptor
CACNA1C,Q13936,receptor
ADCY9,O60503,receptor
NPY,P01303,ligand
TNFRSF10B,O14763,receptor
TNFRSF13B,O14836,receptor
TNFRSF17,Q02223,receptor
MIF,P14174,ligand
EFNB1,P98172,ligand
INHBC,P55103,ligand
CD247,P20963,receptor
APLN,Q9ULZ1,ligand
WNT3,P56703,ligand
BGN,P21810,ligand
OBP2A,Q9NY56,ligand
S100A10,P60903,ligand
C4A,P0C0L4,ligand
HGF,P14210,ligand
PDX1,P52945,ligand
CCR8,P51685,receptor
FZD1,Q9UP38,receptor
TIMP1,P01033,ligand
JAG1,P78504,ligand
PTGER3,P43115,receptor
CD53,P19397,receptor
LCN2,P80188,ligand
FCGR1A,P12314,receptor
EFNA3,P52797,ligand
VSIR,Q9H7M9,receptor
APELA,P0DMC3,ligand
CGB5,P0DN86,ligand
PTHLH,P12272,ligand
AVPR2,P30518,receptor
NECTIN1,Q15223,receptor
IL11RA,Q14626,receptor
SOST,Q9BQB4,ligand
IL17F,Q96PD4,ligand
ARPC5,O15511,ligand
LRRC4,Q9HBW1,receptor
CD69,Q07108,receptor
HTR6,P50406,receptor
ADGRL4,Q9HBW9,receptor
BDKRB1,P46663,receptor
PDGFRB,P09619,receptor
ERBB2,P04626,receptor
TNFRSF18,Q9Y5U5,receptor
RLN2,P04090,ligand
OPRM1,P35372,receptor
CCL2,P13500,ligand
VIM,P08670,ligand
NPTXR,O95502,receptor
IL2RB,P14784,receptor
SERPING1,P05155,ligand
APLNR,P35414,receptor
OLFM2,O95897,ligand
GPI,P06744,ligand
MTNR1A,P48039,receptor
SCARB1,Q8WTV0,receptor
CD3G,P09693,receptor
FBLN2,P98095,ligand
PODXL2,Q9NZ53,ligand
FBLN1,P23142,ligand
RACK1,P63244,receptor
TNFRSF11B,O00300,receptor
COL11A1,P12107,ligand
PTPN6,P29350,ligand
SEMA4G,Q9NTN9,ligand
ARF6,P62330,ligand
TCN2,P20062,ligand
LRP1,Q07954,receptor
AVPR1B,P47901,receptor
MFGE8,Q08431,ligand
MYLK2,Q9H1R3,receptor
CNTN1,Q12860,receptor
TRH,P20396,ligand
HTR4,Q13639,receptor
LAMA3,Q16787,ligand
TF,P02787,ligand
TAC3,Q9UHF0,ligand
CDH7,Q9ULB5,receptor
CCR2,P41597,receptor
EDA2R,Q9HAV5,receptor
CCL27,Q9Y4X3,ligand
GNAS,Q5JWF2,ligand
IL1B,P01584,ligand
A2M,P01023,ligand
TSPAN1,O60635,receptor
NPPA,P01160,ligand
NID2,Q14112,ligand
UNC5B,Q8IZJ1,receptor
CD47,Q08722,receptor
GPC5,P78333,receptor
DEFB1,P60022,ligand
GUCA2A,Q02747,ligand
NCR3LG1,Q68D85,ligand
NTSR2,O95665,receptor
LIFR,P42702,receptor
HTR2A,P28223,receptor
VCAM1,P19320,ligand
FST,P19883,ligand
CD82,P27701,receptor
FGF4,P08620,ligand
LHCGR,P22888,receptor
PTPRA,P18433,receptor
CHAD,O15335,ligand
NRG2,O14511,ligand
HRH4,Q9H3N8,receptor
SIGIRR,Q6IA17,receptor
SORL1,Q92673,receptor
SLC17A7,Q9P2U7,receptor
SEMA4D,Q92854,ligand
APOA2,P02652,ligand
EPHA4,P54764,receptor
CANX,P27824,receptor
GLP2R,O95838,receptor
DCN,P07585,ligand
DEFB106A,Q8N104,ligand
ANOS1,P23352,ligand
CALR,P27797,ligand
LPAR4,Q99677,receptor
FGF13,Q92913,ligand
IFNA17,P01571,ligand
ZNRF3,Q9ULT6,receptor
VIPR1,P32241,receptor
PPY,P01298,ligand
LAMA2,P24043,ligand
TNFRSF14,Q92956,receptor
CD200,P41217,ligand
TRHR,P34981,receptor
TNFRSF1B,P20333,receptor
WNT9B,O14905,ligand
CCR1,P32246,receptor
CALM3,P0DP25,ligand
DPP4,P27487,receptor
MIP,P30301,receptor
FARP2,O94887,ligand
GAD1,Q99259,ligand
PDCD2,Q16342,receptor
COMP,P49747,ligand
EPHB4,P54760,receptor
F2,P00734,ligand
KCNQ1,P51787,receptor
C1QTNF5,Q9BXJ0,ligand
PROKR1,Q8TCW9,receptor
CXCL5,P42830,ligand
PLXNB2,O15031,receptor
PLA2R1,Q13018,receptor
BMPR2,Q13873,receptor
GH1,P01241,ligand
ATRN,O75882,receptor
PPBP,P02775,ligand
ITIH2,P19823,ligand
VEGFA,P15692,ligand
SEMA3F,Q13275,ligand
IL15,P40933,ligand
ADAM2,Q99965,ligand
TNFRSF10A,O00220,receptor
PLD1,Q13393,receptor
AQP1,P29972,receptor
CLEC4M,Q9H2X3,receptor
CHRNA4,P43681,receptor
EFEMP1,Q12805,ligand
IGFLR1,Q9H665,receptor
S1PR1,P21453,receptor
DHH,O43323,ligand
KREMEN1,Q96MU8,receptor
CLEC12A,Q5QGZ9,receptor
KIR3DL2,P43630,receptor
NRG3,P56975,ligand
DMP1,Q13316,ligand
ADRA2A,P08913,receptor
SSTR1,P30872,receptor
CXCL12,P48061,ligand
LAMB3,Q13751,ligand
IL25,Q9H293,ligand
LTF,P02788,ligand
AGRN,O00468,ligand
APLP1,P51693,receptor
DSPP,Q9NZW4,ligand
DCHS1,Q96JQ0,receptor
ASGR2,P07307,receptor
PTMA,P06454,ligand
HSPA8,P11142,ligand
PTPRZ1,P23471,receptor
ACVR1B,P36896,receptor
IFNL1,Q8IU54,ligand
MRC2,Q9UBG0,receptor
CD200R1,Q8TD46,receptor
SEMA4B,Q9NPR2,ligand
RNASE2,P10153,ligand
GNRH2,O43555,ligand
RAET1L,Q5VY80,ligand
SEMA4F,O95754,ligand
DKK2,Q9UBU2,ligand
SERPINC1,P01008,ligand
COLQ,Q9Y215,ligand
ST14,Q9Y5Y6,receptor
FCGR2A,P12318,receptor
LEFTY1,O75610,ligand
CNTF,P26441,ligand
WNT1,P04628,ligand
LIPC,P11150,ligand
SIRPA,P78324,receptor
LYZ,P61626,ligand
NOTCH2,Q04721,receptor
IL36A,Q9UHA7,ligand
MDGA1,Q8NFP4,receptor
ANGPTL3,Q9Y5C1,ligand
CSF2RB,P32927,receptor
CCL1,P22362,ligand
S100A4,P26447,ligand
GNB3,P16520,ligand
IL2,P60568,ligand
GALR1,P47211,receptor
CCRL2,O00421,receptor
IGF1R,P08069,receptor
LEP,P41159,ligand
SEMA6A,Q9H2E6,ligand
FGF3,P11487,ligand
GIPR,P48546,receptor
RTN4R,Q9BZR6,receptor
PLSCR4,Q9NRQ2,receptor
ULBP3,Q9BZM4,ligand
HTR1F,P30939,receptor
TNFSF11,O14788,ligand
CLEC3A,O75596,ligand
WNT11,O96014,ligand
CX3CR1,P49238,receptor
IGFL3,Q6UXB1,ligand
SDC4,P31431,receptor
FASLG,P48023,ligand
SCARA5,Q6ZMJ2,receptor
NPY2R,P49146,receptor
MEGF10,Q96KG7,ligand
FGF18,O76093,ligand
RBP4,P02753,ligand
ICOS,Q9Y6W8,receptor
F8,P00451,ligand
HTR7,P34969,receptor
IL1RAP,Q9NPH3,receptor
ITGB4,P16144,receptor
OXT,P01178,ligand
HSPA4,P34932,ligand
NCAN,O14594,ligand
VWF,P04275,ligand
IFNL3,Q8IZI9,ligand
MCHR2,Q969V1,receptor
MST1,P26927,ligand
GALR2,O43603,receptor
GAS6,Q14393,ligand
NAMPT,P43490,ligand
PROK2,Q9HC23,ligand
EDNRB,P24530,receptor
SORT1,Q99523,receptor
PDGFB,P01127,ligand
CD22,P20273,receptor
CXCL11,O14625,ligand
CHRM1,P11229,receptor
OMG,P23515,ligand
CCN1,O00622,ligand
SFTPA1,Q8IWL2,ligand
NLGN3,Q9NZ94,ligand
TGFBR3,Q03167,receptor
NPY5R,Q15761,receptor
GHR,P10912,receptor
IL10,P22301,ligand
IL23A,Q9NPF7,ligand
WNT2,P09544,ligand
IL6,P05231,ligand
FZD3,Q9NPG1,receptor
KLRB1,Q12918,receptor
TSPAN5,P62079,receptor
C5AR2,Q9P296,receptor
DCC,P43146,receptor
F13A1,P00488,ligand
NPFFR2,Q9Y5X5,receptor
LCN1,P31025,ligand
F2RL3,Q96RI0,receptor
ADAM15,Q13444,ligand
IFNAR1,P17181,receptor
ITGB3BP,Q13352,ligand
MC2R,Q01718,receptor
CXCL14,O95715,ligand
LIF,P15018,ligand
TSPAN10,Q9H1Z9,receptor
NRSN1,Q8IZ57,receptor
CCL25,O15444,ligand
MBL2,P11226,ligand
BAMBI,Q13145,receptor
MFNG,O00587,ligand
C4BPA,P04003,ligand
S1PR4,O95977,receptor
SORCS2,Q96PQ0,receptor
NLGN2,Q8NFZ4,ligand
SERPINE2,P07093,ligand
SLIT1,O75093,ligand
DLL3,Q9NYJ7,ligand
CCR4,P51679,receptor
GABBR2,O75899,receptor
CAMP,P49913,ligand
GPR171,O14626,receptor
EDNRA,P25101,receptor
ACKR1,Q16570,receptor
MST1R,Q04912,receptor
RIPK1,Q13546,receptor
LRP8,Q14114,receptor
SLC18A3,Q16572,receptor
GP9,P14770,receptor
LAMC3,Q9Y6N6,ligand
GPR20,Q99678,receptor
SERPINA1,P01009,ligand
FGF5,P12034,ligand
TREM2,Q9NZC2,receptor
FGF10,O15520,ligand
IL17C,Q9P0M4,ligand
ADAM10,O14672,ligand
ITGB3,P05106,receptor
CCL16,O15467,ligand
DYSF,O75923,receptor
BMP10,O95393,ligand
LRPAP1,P30533,ligand
CNTNAP2,Q9UHC6,receptor
TG,P01266,ligand
DSG3,P32926,receptor
TCTN1,Q2MV58,ligand
SELE,P16581,receptor
TFR2,Q9UP52,receptor
PLXNC1,O60486,receptor
LUM,P51884,ligand
KLRG2,A4D1S0,receptor
F9,P00740,ligand
IZUMO1,Q8IYV9,ligand
S100A1,P23297,ligand
CSF1,P09603,ligand
ITGA7,Q13683,receptor
IL20,Q9NYY1,ligand
CXCR2,P25025,receptor
F2RL2,O00254,receptor
IL17B,Q9UHF5,ligand
CD24,P25063,ligand
COL16A1,Q07092,ligand
FGF9,P31371,ligand
HCRTR1,O43613,receptor
CD36,P16671,receptor
ERBB4,Q15303,receptor
FLT1,P17948,receptor
DSC2,Q02487,ligand
PF4,P02776,ligand
CSPG4,Q6UVK1,receptor
TSPAN12,O95859,receptor
BST2,Q10589,ligand
DLK1,P80370,ligand
BMP8A,Q7Z5Y6,ligand
NTS,P30990,ligand
ULBP1,Q9BZM6,ligand
DKK4,Q9UBT3,ligand
VLDLR,P98155,receptor
KCNJ10,P78508,receptor
HLA-B,P01889,ligand
FBN1,P35555,ligand
ERBB3,P21860,receptor
BMP2,P12643,ligand
IL3,P08700,ligand
TSHB,P01222,ligand
CNR2,P34972,receptor
CXCL2,P19875,ligand
LAT,O43561,receptor
AMHR2,Q16671,receptor
PGLYRP1,O75594,receptor
NMUR2,Q9GZQ4,receptor
NPR1,P16066,receptor
ALK,Q9UM73,receptor
IL23R,Q5VWK5,receptor
CMKLR1,Q99788,receptor
CCN3,P48745,ligand
LEFTY2,O00292,ligand
IFNLR1,Q8IU57,receptor
INHBE,P58166,ligand
LILRA4,P59901,receptor
IZUMO1R,A6ND01,receptor
FABP5,Q01469,ligand
GPR42,O15529,receptor
FSHR,P23945,receptor
FN1,P02751,ligand
EDN2,P20800,ligand
AGR2,O95994,receptor
GRIN2C,Q14957,receptor
BMPR1B,O00238,receptor
PTPRK,Q15262,receptor
NPVF,Q9HCQ7,ligand
SCGB3A1,Q96QR1,ligand
COL8A1,P27658,ligand
LAMC1,P11047,ligand
NPS,P0C0P6,ligand
FZD4,Q9ULV1,receptor
SFRP2,Q96HF1,ligand
TLR9,Q9NR96,receptor
GDF2,Q9UK05,ligand
BDNF,P23560,ligand
A1BG,P04217,receptor
IAPP,P10997,ligand
GDF15,Q99988,ligand
WNT7A,O00755,ligand
CRISP3,P54108,ligand
CR1,P17927,receptor
PIP,P12273,ligand
RYR1,P21817,receptor
MFRP,Q9BY79,receptor
OXTR,P30559,receptor
IL9R,Q01113,receptor
EPGN,Q6UW88,ligand
PRLHR,P49683,receptor
VEGFB,P49765,ligand
BCAM,P50895,receptor
AQP5,P55064,receptor
GDF6,Q6KF10,ligand
GPR37L1,O60883,receptor
ADCYAP1,P18509,ligand
CTLA4,P16410,receptor
YARS1,P54577,ligand
BST1,Q10588,ligand
CD55,P08174,ligand
AQP6,Q13520,receptor
PTK7,Q13308,receptor
PRND,Q9UKY0,ligand
TMEM219,Q86XT9,receptor
GUCY2C,P25092,receptor
NPY4R,P50391,receptor
ANTXR1,Q9H6X2,receptor
CD19,P15391,receptor
SSTR4,P31391,receptor
LHB,P01229,ligand
CNTN4,Q8IWV2,ligand
PDCD1,Q15116,receptor
MICB,Q29980,ligand
HPX,P02790,ligand
KLRD1,Q13241,receptor
CFC1,P0CG37,ligand
APOC3,P02656,ligand
UTS2R,Q9UKP6,receptor
ITGAV,P06756,receptor
SDC2,P34741,receptor
ITGAL,P20701,receptor
HTR1A,P08908,receptor
PLAUR,Q03405,receptor
ITGB7,P26010,receptor
TRPC3,Q13507,receptor
ASGR1,P07306,receptor
GSTP1,P09211,ligand
SCGB3A2,Q96PL1,ligand
P2RY12,Q9H244,receptor
GAST,P01350,ligand
HLA-C,P10321,ligand
CRLF1,O75462,receptor
TNFRSF12A,Q9NP84,receptor
GDF1,P27539,ligand
CCR6,P51684,receptor
IFNA14,P01570,ligand
CD68,P34810,receptor
IFNB1,P01574,ligand
ACKR2,O00590,receptor
FCRL4,Q96PJ5,receptor
GLRA2,P23416,receptor
NMUR1,Q9HB89,receptor
PTPN11,Q06124,ligand
EFNA5,P52803,ligand
KIR2DL4,Q99706,receptor
S1PR3,Q99500,receptor
CLEC2A,Q6UVW9,ligand
IL27RA,Q6UWB1,receptor
ADGRL2,O95490,receptor
RXFP1,Q9HBX9,receptor
DEFB4B,O15263,ligand
EFNB2,P52799,ligand
IL12RB2,Q99665,receptor
HCRTR2,O43614,receptor
S100A8,P05109,ligand
GSTO1,P78417,ligand
IL3RA,P26951,receptor
HEBP1,Q9NRV9,ligand
MCFD2,Q8NI22,receptor
TSPAN15,O95858,receptor
NTNG1,Q9Y2I2,ligand
FGFR2,P21802,receptor
CTF1,Q16619,ligand
GAL,P22466,ligand
PTPRU,Q92729,receptor
SLIT3,O75094,ligand
LACRT,Q9GZZ8,ligand
FLRT3,Q9NZU0,receptor
SOSTDC1,Q6X4U4,ligand
NPNT,Q6UXI9,ligand
LRP4,O75096,receptor
FZD9,O00144,receptor
ROR2,Q01974,receptor
NGFR,P08138,receptor
LAMA4,Q16363,ligand
IL36RN,Q9UBH0,receptor
CXCL1,P09341,ligand
ITGA1,P56199,receptor
C1QB,P02746,ligand
FFAR2,O15552,receptor
S100A12,P80511,ligand
BMP3,P12645,ligand
HAS2,Q92819,ligand
SDC1,P18827,receptor
IL5RA,Q01344,receptor
PTGER4,P35408,receptor
NPPB,P16860,ligand
CD46,P15529,receptor
FGF7,P21781,ligand
CLEC2D,Q9UHP7,ligand
TLR1,Q15399,receptor
SEMA7A,O75326,ligand
SLC1A5,Q15758,receptor
SEMA3A,Q14563,ligand
ACTR2,P61160,ligand
EPHB6,O15197,receptor
ITGA8,P53708,receptor
CD44,P16070,receptor
ADCY8,P40145,receptor
ITGAE,P38570,receptor
PSAP,P07602,ligand
GCG,P01275,ligand
ENG,P17813,receptor
FGFRL1,Q8N441,receptor
C1QBP,Q07021,receptor
RAMP2,O60895,receptor
SELPLG,Q14242,ligand
NRXN3,Q9Y4C0,receptor
PLPP6,Q8IY26,receptor
IL18BP,O95998,receptor
KLRF2,D3W0D1,receptor
SLC2A2,P11168,receptor
OR1G1,P47890,receptor
CALML3,P27482,ligand
MMP7,P09237,ligand
PDGFC,Q9NRA1,ligand
IFNGR1,P15260,receptor
RECK,O95980,receptor
CD72,P21854,receptor
CEL,P19835,ligand
CD99,P14209,ligand
KNG1,P01042,ligand
EPO,P01588,ligand
HHIP,Q96QV1,receptor
SSTR2,P30874,receptor
CCL13,Q99616,ligand
PRLR,P16471,receptor
IL2RG,P31785,receptor
GNAI2,P04899,ligand
ATP1A3,P13637,receptor
PTPRS,Q13332,receptor
CSH1,P0DML2,ligand
SCN5A,Q14524,receptor
CCL4,P13236,ligand
TGFBR1,P36897,receptor
CCN6,O95389,ligand
TRPM3,Q9HCF6,receptor
DRAXIN,Q8NBI3,ligand
CD58,P19256,ligand
CALCR,P30988,receptor
PLGRKT,Q9HBL7,receptor
NTF3,P20783,ligand
IL17A,Q16552,ligand
CD33,P20138,receptor
NXPH2,O95156,ligand
JAG2,Q9Y219,ligand
SPX,Q9BT56,ligand
FAM3C,Q92520,ligand
FGF2,P09038,ligand
ACKR4,Q9NPB9,receptor
PYY,P10082,ligand
PKM,P14618,ligand
PDE1C,Q14123,receptor
TNFSF10,P50591,ligand
CXCR5,P32302,receptor
XCR1,P46094,receptor
APOC4,P55056,ligand
MS4A4A,Q96JQ5,receptor
GCGR,P47871,receptor
CCK,P06307,ligand
SMO,Q99835,receptor
IL12RB1,P42701,receptor
AHSG,P02765,ligand
BMP4,P12644,ligand
OGFR,Q9NZT2,receptor
ANGPT1,Q15389,ligand
SLPI,P03973,ligand
CCL15,Q16663,ligand
CCR3,P51677,receptor
IL18RAP,O95256,receptor
KISS1R,Q969F8,receptor
IL7R,P16871,receptor
CXCR6,O00574,receptor
IFNA7,P01567,ligand
TECTA,O75443,receptor
HRG,P04196,ligand
EPOR,P19235,receptor
IHH,Q14623,ligand
PLAT,P00750,ligand
CCL21,O00585,ligand
DSG2,Q14126,receptor
COL4A5,P29400,ligand
BRS3,P32247,receptor
IFNA16,P05015,ligand
MELTF,P08582,ligand
RAMP1,O60894,receptor
RSPO3,Q9BXY4,ligand
TNFSF18,Q9UNG2,ligand
MMP12,P39900,ligand
CD160,O95971,ligand
TNFSF13B,Q9Y275,ligand
VANGL2,Q9ULK5,receptor
CRP,P02741,ligand
SPN,P16150,receptor
CD79A,P11912,receptor
RXFP2,Q8WXD0,receptor
ADIPOR2,Q86V24,receptor
GH2,P01242,ligand
ACVRL1,P37023,receptor
FGF21,Q9NSA1,ligand
IL20RB,Q6UXL0,receptor
PTH2R,P49190,receptor
SPINT1,O43278,ligand
GZMB,P10144,ligand
CEACAM16,Q2WEN9,ligand
SCTR,P47872,receptor
PLAU,P00749,ligand
CD300LF,Q8TDQ1,receptor
IL18,Q14116,ligand
EDAR,Q9UNE0,receptor
CD163,Q86VB7,receptor
UNC5C,O95185,receptor
GPR39,O43194,receptor
ICAM2,P13598,ligand
NTSR1,P30989,receptor
CCL20,P78556,ligand
INSR,P06213,receptor
ADA,P00813,ligand
EPHA1,P21709,receptor
CD5,P06127,receptor
TSPAN14,Q8NG11,receptor
ICOSLG,O75144,ligand
IL19,Q9UHD0,ligand
EDN1,P05305,ligand
NUCB2,P80303,ligand
ADRB3,P13945,receptor
HP,P00738,ligand
IL15RA,Q13261,receptor
ADRB2,P07550,receptor
CD27,P26842,receptor
IGF1,P05019,ligand
GP1BB,P13224,receptor
SEMA3C,Q99985,ligand
IL10RB,Q08334,receptor
VIP,P01282,ligand
SCN8A,Q9UQD0,receptor
ADM2,Q7Z4H4,ligand
CCBE1,Q6UXH8,receptor
UCN,P55089,ligand
GPC3,P51654,ligand
ITGA4,P13612,receptor
FGB,P02675,ligand
NDP,Q00604,ligand
IL37,Q9NZH6,ligand
ADCY7,P51828,receptor
BMP1,P13497,ligand
IL13,P35225,ligand
RET,P07949,receptor
PIGR,P01833,receptor
VEGFC,P49767,ligand
PLXNA3,P51805,receptor
CFTR,P13569,receptor
MMP24,Q9Y5R2,receptor
AMH,P03971,ligand
LAMA1,P25391,ligand
IFNE,Q86WN2,ligand
TFF1,P04155,ligand
CD59,P13987,ligand
CD209,Q9NNX6,receptor
FGF11,Q92914,ligand
SFRP1,Q8N474,ligand
ANGPTL2,Q9UKU9,ligand
SLC4A11,Q8NBS3,receptor
IL6R,P08887,receptor
COL3A1,P02461,ligand
LGALS8,O00214,ligand
IL1RL2,Q9HB29,receptor
ITGAM,P11215,receptor
ARF1,P84077,ligand
CSF3,P09919,ligand
LPL,P06858,ligand
NLGN1,Q8N2Q7,ligand
LY96,Q9Y6Y9,receptor
APOA4,P06727,ligand
ESAM,Q96AP7,receptor
TSHR,P16473,receptor
TGFB2,P61812,ligand
EGF,P01133,ligand
GC,P02774,ligand
COL4A4,P53420,ligand
MTMR4,Q9NYA4,ligand
HRH3,Q9Y5N1,receptor
RXFP4,Q8TDU9,receptor
APOB,P04114,ligand
APCDD1,Q8J025,receptor
IL31,Q6EBC2,ligand
PTGIR,P43119,receptor
LRRC4C,Q9HCJ2,receptor
GLP1R,P43220,receptor
KLRF1,Q9NZS2,receptor
LINGO1,Q96FE5,receptor
CLDN4,O14493,receptor
GFRA1,P56159,receptor
NMS,Q5H8A3,ligand
IL36G,Q9NZH8,ligand
TMEM67,Q5HYA8,receptor
AGTRAP,Q6RW13,ligand
FGL1,Q08830,ligand
EREG,O14944,ligand
RSPO1,Q2MKA7,ligand
IL4,P05112,ligand
ANGPT4,Q9Y264,ligand
HSP90AA1,P07900,ligand
KITLG,P21583,ligand
ITGAX,P20702,receptor
EFNA2,O43921,ligand
OPRD1,P41143,receptor
ITGA2,P17301,receptor
VCAN,P13611,ligand
NTRK3,Q16288,receptor
FGF16,O43320,ligand
F11,P03951,ligand
CALCB,P10092,ligand
CD9,P21926,receptor
SST,P61278,ligand
KLB,Q86Z14,receptor
LPAR3,Q9UBY5,receptor
LAMA5,O15230,ligand
TRAF2,Q12933,receptor
MMP13,P45452,ligand
CRHR1,P34998,receptor
WIF1,Q9Y5W5,ligand
TGFB3,P10600,ligand
COL14A1,Q05707,ligand
PRG4,Q92954,ligand
